"setting","version","epoch","Y_0","Y"
1,1,2,NA,NA
1,1,7,NA,NA
1,1,11,NA,NA
1,1,12,NA,NA
1,1,19,NA,NA
1,1,15,NA,NA
1,1,9,NA,NA
1,1,14,NA,NA
1,1,1,NA,NA
1,1,20,NA,NA
1,1,13,NA,NA
1,1,4,NA,NA
1,1,6,NA,NA
1,1,10,NA,NA
1,1,3,NA,NA
1,1,18,NA,NA
1,1,17,NA,NA
1,2,2,NA,NA
1,2,7,NA,NA
1,2,12,NA,NA
1,2,14,NA,NA
1,2,19,NA,NA
1,2,11,NA,NA
1,2,15,NA,NA
1,2,9,NA,NA
1,2,1,NA,NA
1,2,16,NA,NA
1,2,20,NA,NA
1,2,13,NA,NA
1,2,10,NA,NA
1,2,6,NA,NA
1,2,8,NA,NA
1,3,7,NA,NA
1,2,3,NA,NA
1,2,5,NA,NA
1,2,18,NA,NA
1,3,2,NA,NA
1,2,17,NA,NA
1,3,12,NA,NA
1,3,14,NA,NA
1,3,19,NA,NA
1,3,15,NA,NA
1,3,10,NA,NA
1,3,9,NA,NA
1,3,11,NA,NA
1,3,20,NA,NA
1,3,1,NA,NA
1,3,6,NA,NA
1,3,17,NA,NA1,3,8,NA,NA
1,3,5,NA,NA
1,3,13,NA,NA
1,3,18,NA,NA
1,3,16,NA,NA
1,3,3,NA,NA
2,1,7,0.13759119587,0.0618932038834951
2,1,5,0.13239259263,0.0455097087378641
2,1,9,0.13578360003,0.051452784503632
2,1,2,0.13853433438,0.0403614457831325
2,1,13,0.13903427759,0.0578313253012048
2,1,1,0.14002912148,0.0612980769230769
2,1,12,0.14052325235,0.0529761904761905
2,1,4,0.14611286345,0.0614657210401891
2,1,8,0.13730576414,0.0543735224586288
2,1,19,0.13604569475,0.0562796208530806
2,1,3,0.13980596265,0.0658823529411765
2,1,6,0.1337177945,0.058372641509434
2,1,10,0.13224185186,0.0491803278688525
2,1,11,0.13562982275,0.06002331002331
2,1,14,0.13615549087,0.0580046403712297
2,1,16,0.14404521613,0.0619212962962963
2,1,15,0.13395185273,0.0599078341013825
2,1,18,0.13168200963,0.0593607305936073
2,1,17,0.13456075419,0.0546171171171171
2,1,20,0.13923117895,0.052572706935123
2,2,7,0.1389266094,0.0731132075471698
2,2,5,0.13269804032,0.0483128834355828
2,2,1,0.14048745372,0.0574534161490683
2,2,13,0.13805226889,0.0605590062111801
2,2,6,0.13252824709,0.0590490797546012
2,2,2,0.13859201302,0.0422848664688427
2,2,4,0.14549617037,0.0659090909090909
2,2,12,0.14121775462,0.0514925373134328
2,2,9,0.13561521015,0.0606508875739645
2,2,10,0.13296067606,0.048048048048048
2,2,8,0.13814000549,0.0626843657817109
2,2,19,0.13696451155,0.0570175438596491
2,2,3,0.1390069353,0.0782163742690059
2,2,14,0.13781216365,0.0595588235294118
2,2,11,0.13572564607,0.053314121037464
2,2,16,0.14440748735,0.0688405797101449
2,2,15,0.13436372491,0.0702898550724638
2,2,17,0.13487177302,0.0652492668621701
2,2,18,0.13225258975,0.0630252100840336
2,2,20,0.14099502212,0.0593922651933702
2,3,7,0.14113162467,0.0858208955223881
2,3,1,0.14305327518,0.0609137055837563
2,3,13,0.14007843795,0.0841584158415842
2,3,5,0.13382259986,0.0452380952380952
2,3,9,0.13799102793,0.0544554455445545
2,3,4,0.146897707,0.0716019417475728
2,3,10,0.13387535675,0.0621890547263682
2,3,6,0.13330790297,0.0569767441860465
2,3,3,0.13867362427,0.0789473684210526
2,3,2,0.14012121853,0.0484234234234234
2,3,12,0.14010471628,0.0665938864628821
2,3,14,0.14156182994,0.0751173708920188
2,3,8,0.14409541597,0.0751121076233184
2,3,15,0.13331609075,0.0686274509803922
2,3,19,0.13863141735,0.0685840707964602
2,3,16,0.15188176448,0.0848623853211009
2,3,17,0.13532492352,0.0688073394495413
2,3,11,0.13508838978,0.0549568965517241
2,3,18,0.13320250195,0.0665938864628821
2,3,20,0.14456956136,0.0709606986899563
3,1,7,0.13953014927,0.0243348076836158
3,1,1,0.14118169987,0.0118115071176471
3,1,5,0.13523882124,0.0253991323780488
3,1,13,0.13900489283,0.0180638031318681
3,1,9,0.14090006955,0.021535473372093
3,1,4,0.15267405929,0.0259248154098361
3,1,10,0.13382741892,0.0187358209883721
3,1,6,0.13455368315,0.0250728620689655
3,1,2,0.14015036108,0.0183588601734104
3,1,14,0.14182542643,0.0316936502873563
3,1,12,0.14772630444,0.030934886519337
3,1,3,0.14642030446,0.0186199304188482
3,1,8,0.13966643396,0.0145701531693989
3,1,15,0.13645569738,0.0202337183060109
3,1,19,0.1371627967,0.0121000368085106
3,1,17,0.13788174428,0.0218932269142857
3,1,11,0.14017367284,0.0180612736781609
3,1,16,0.1482610758,0.0335576770526316
3,1,18,0.13390961224,0.0271054581868132
3,1,20,0.14161539799,0.0243089666483516
3,2,1,0.13984538583,0.014185168996139
3,2,7,0.13851606301,0.0264894751470588
3,2,5,0.13339027206,0.0233971917241379
3,2,9,0.13866066118,0.0169921013962264
3,2,13,0.13883192146,0.0176392608550186
3,2,6,0.1333923986,0.0242606969201521
3,2,4,0.14657936653,0.0196146414338235
3,2,14,0.140573341,0.0248283503875969
3,2,2,0.14050749893,0.0189680828624535
3,2,10,0.13238300034,0.0206737021691176
3,2,12,0.14128660768,0.015792147593985
3,2,17,0.13471663525,0.0193763157933579
3,2,11,0.13926000518,0.0308528212075472
3,2,3,0.14472296019,0.0296016436879433
3,2,8,0.13988433886,0.0159292348201439
3,2,19,0.13690966939,0.0075220903202847
3,2,15,0.13335104209,0.0164260575539568
3,2,16,0.14137030048,0.0143479841522491
3,2,18,0.13309153871,0.0200205301428571
3,2,20,0.13932931458,0.0144175919791667
3,3,1,0.1393038929,0.0119813424615385
3,3,7,0.13780168751,0.0188498021119593
3,3,5,0.13255826878,0.0119577089215686
3,3,9,0.13742213764,0.0207446151150895
3,3,13,0.13739063708,0.008790338808933
3,3,14,0.13742498432,0.0147567639386189
3,3,2,0.13931796202,0.00690337604113111
3,3,6,0.13185985916,0.0145105929219144
3,3,4,0.1473481494,0.0111910501456311
3,3,12,0.14110583007,0.0104324135087719
3,3,10,0.13175662602,0.010156444744898
3,3,11,0.13606677115,0.0133726917105263
3,3,17,0.13472191087,0.015576141975
3,3,19,0.13621678419,0.01227442575
3,3,3,0.14030120885,0.0135479196410256
3,3,8,0.13793694398,0.00811593378712871
3,3,15,0.13183806904,0.00857832745762712
3,3,18,0.13153177644,0.0112521697542998
3,3,16,0.14133989213,0.0106168640441176
3,3,20,0.13860217503,0.0130811358894231
4,1,1,0.1394854355,0.02205486308
4,1,7,0.13923361054,0.02603032488
4,1,5,0.13232809647,0.01871804706
4,1,9,0.13514544383,0.0218032692
4,1,14,0.13667740379,0.02442072056
4,1,13,0.13836817831,0.0247303125
4,1,11,0.13548295762,0.02375453588
4,1,4,0.14704034219,0.02172129652
4,1,12,0.13982849731,0.020985603
4,1,6,0.13251035293,0.0167207871
4,1,2,0.13869556794,0.01764146598
4,1,17,0.13436716106,0.02228234678
4,1,19,0.13581159644,0.02095187038
4,1,10,0.13275057114,0.01536704492
4,1,18,0.13321202674,0.02278863906
4,1,8,0.13783929969,0.02094475538
4,1,3,0.13927210416,0.02010981528
4,1,15,0.13121137326,0.02025659686
4,1,16,0.14076899184,0.0202234594
4,1,20,0.13856574702,0.01318931672
5,1,1,0.13934517264,0.02054519058
5,1,7,0.13890680903,0.0227980043
5,1,5,0.13201162648,0.01552585968
5,1,14,0.13677653387,0.02249557566
5,1,9,0.13524921768,0.0208278323
5,1,11,0.13536055274,0.02272899232
5,1,13,0.13794763982,0.02289268042
5,1,12,0.13985718377,0.01810984038
5,1,4,0.14678878687,0.02063414366
5,1,17,0.1342590795,0.01928550156
5,1,19,0.13599571735,0.01649264356
5,1,6,0.13201983032,0.0146776768
5,1,2,0.13877603772,0.0144722124
5,1,18,0.1330553587,0.02146646954
5,1,10,0.13223037215,0.01617195492
5,1,3,0.1390313388,0.0199097194
5,1,8,0.13777364593,0.01922281632
5,1,15,0.13119590309,0.01846422332
5,1,16,0.14032669257,0.01683475222
5,1,20,0.13823268627,0.01155175432
5,2,1,0.13906287831,0.01902490964
5,2,7,0.13871545962,0.02035435132
5,2,5,0.13212716765,0.01319706176
5,2,14,0.13681850706,0.02187857408
5,2,9,0.1351465437,0.01642607752
5,2,11,0.13547250611,0.0202337361
5,2,13,0.13814401817,0.02180112108
5,2,12,0.14002383868,0.01653072028
5,2,4,0.14688357534,0.01804422416
5,2,17,0.13438862561,0.02014299328
5,2,19,0.13565553932,0.01244455974
5,2,6,0.13222659601,0.01521886316
5,2,2,0.13874222283,0.01286122356
5,2,18,0.13299049728,0.02019230864
5,2,10,0.13230032369,0.01400548114
5,2,3,0.13885238815,0.0155839502
5,2,8,0.13750811136,0.01715808446
5,2,15,0.13119399129,0.01462097476
5,2,16,0.14044025397,0.0164039463
5,2,20,0.13831409805,0.01128662778
5,3,1,0.13916918417,0.01417249414
1,1,21,NA,NA
1,2,21,NA,NA
1,3,21,NA,NA
5,3,7,0.13862968814,0.01150034748
1,1,22,NA,NA
1,2,22,NA,NA
1,3,22,NA,NA
5,3,5,0.1317273975,0.00680569334
1,1,23,NA,NA
1,2,23,NA,NA
1,3,23,NA,NA
5,3,14,0.13658728631,0.01936107532
1,1,24,NA,NA
1,2,24,NA,NA
1,3,24,NA,NA
5,3,11,0.13559067165,0.01636532872
1,1,25,NA,NA
1,2,25,NA,NA
1,3,25,NA,NA
5,3,9,0.13493513091,0.01344803808
1,1,26,NA,NA
1,2,26,NA,NA
1,3,26,NA,NA
5,3,13,0.13763273274,0.01605101746
1,1,27,NA,NA
1,2,27,NA,NA
1,3,27,NA,NA
5,3,12,0.14022926859,0.0088273176
1,1,28,NA,NA
5,3,4,0.14672198724,0.01035759414
1,2,28,NA,NA
1,3,28,NA,NA
1,1,29,NA,NA
1,2,29,NA,NA
1,3,29,NA,NA
5,3,19,0.13557772988,0.01229047048
1,1,30,NA,NA
5,3,17,0.13456001082,0.01823139672
1,2,30,NA,NA
1,3,30,NA,NA
1,1,31,NA,NA
1,2,31,NA,NA
1,3,31,NA,NA
5,3,6,0.1317782074,0.0112852328
1,1,32,NA,NA
1,2,32,NA,NA
1,3,32,NA,NA
5,3,2,0.13858420162,0.0087018924
1,1,33,NA,NA
1,2,33,NA,NA
1,3,33,NA,NA
5,3,18,0.13281065746,0.01436451092
1,1,34,NA,NA
1,2,34,NA,NA
1,3,34,NA,NA
5,3,8,0.13747000262,0.0122093358
1,1,35,NA,NA
1,2,35,NA,NA
1,3,35,NA,NA
5,3,10,0.13218566833,0.01357876906
5,3,3,0.1387497347,0.01287202814
1,1,36,NA,NA
1,2,36,NA,NA
1,1,37,NA,NA
1,3,36,NA,NA
1,2,37,NA,NA
1,3,37,NA,NA
2,1,21,0.13598176535,0.0475352112676056
5,3,16,0.14039957389,0.00870228436
5,3,15,0.13125093576,0.00945643408
1,1,38,NA,NA
1,1,39,NA,NA
1,2,38,NA,NA
1,3,38,NA,NA
1,2,39,NA,NA
1,3,39,NA,NA
2,1,22,0.13812084028,0.0514354066985646
2,1,23,0.14141081524,0.0736301369863014
5,3,20,0.13835019201,0.01052913324
1,1,40,NA,NA
1,2,40,NA,NA
1,3,40,NA,NA
2,1,24,0.13374247079,0.0635294117647059
2,1,25,0.13670742719,0.0636574074074074
2,1,26,0.13873504725,0.0514018691588785
2,1,27,0.13730509811,0.0516627078384798
2,1,29,0.13994373579,0.0497572815533981
2,1,30,0.14276760134,0.0599273607748184
2,1,28,0.13848361571,0.0609048723897912
2,1,31,0.13620528341,0.0683411214953271
2,1,32,0.13579994229,0.062958435207824
2,1,33,0.13766699358,0.0589285714285714
2,1,34,0.13843752079,0.0707656612529002
2,2,21,0.1365086481,0.05
2,1,36,0.1385799278,0.0598503740648379
2,1,37,0.13522817278,0.0483091787439614
2,1,35,0.13351659375,0.063953488372093
2,2,22,0.1381675377,0.056379821958457
2,2,23,0.14071083079,0.0727665706051873
2,1,39,0.13190440978,0.0545774647887324
2,1,38,0.14261176597,0.0573394495412844
2,2,24,0.13424836827,0.0571216617210683
2,2,25,0.1378452498,0.0673652694610778
2,2,26,0.13923686292,0.0549853372434018
2,2,27,0.13760742367,0.0572100313479624
2,2,29,0.14129245444,0.0482594936708861
2,1,40,0.13761291949,0.0580046403712297
2,2,30,0.1419590651,0.0609939759036145
2,2,28,0.13845228585,0.0619402985074627
2,2,31,0.13675993126,0.0584795321637427
2,3,21,0.13709195236,0.0622065727699531
2,2,32,0.13638170548,0.0675465838509317
2,2,33,0.13831779385,0.0591054313099042
2,3,22,0.14026525599,0.0660377358490566
2,2,34,0.1384696419,0.078757225433526
2,3,23,0.14296699548,0.0674418604651163
2,2,36,0.13802999745,0.0528846153846154
2,2,37,0.13667461607,0.0544478527607362
2,2,35,0.1363310757,0.0699152542372881
2,3,24,0.13462871298,0.0502336448598131
2,2,39,0.13346142191,0.0526706231454006
2,3,29,0.14155631163,0.0615183246073298
2,2,38,0.14200499175,0.0641210374639769
2,3,25,0.13910760385,0.0647727272727273
2,3,26,0.1411281313,0.0671296296296296
2,3,27,0.13752226714,0.0636792452830189
2,3,30,0.14501771184,0.0578703703703704
2,3,28,0.13888234814,0.0783410138248848
2,3,32,0.13776338449,0.0682926829268293
2,3,31,0.13844937257,0.0686936936936937
3,1,21,0.13845870544,0.0231685525274725
2,3,33,0.13943334181,0.0670731707317073
2,2,40,0.14094683185,0.0561538461538462
3,1,22,0.1785612386,0.149496248385417
2,3,34,0.13785572637,0.0773542600896861
3,1,23,0.13991263308,0.0416048769318182
2,3,36,0.14139647368,0.05875
2,3,37,0.13867925414,0.0540865384615385
2,3,35,0.13440273064,0.0698689956331878
2,3,39,0.13403863815,0.0613207547169811
3,1,24,0.13675068095,0.0295403057803468
3,1,29,0.14095779499,0.0254510791428571
2,3,38,0.14532137586,0.0639269406392694
3,1,26,0.14188465513,0.0163110529120879
3,1,25,0.13689859898,0.0223614995652174
3,1,27,0.1399934543,0.0435683248913043
3,1,30,0.14547794188,0.0433711800558659
3,1,28,0.13972312876,0.0308614943085106
3,1,32,0.13695626564,0.0230058254945055
3,1,31,0.1414702503,0.0202696769832402
3,1,33,0.1403816838,0.0112573152272727
2,3,40,0.14071274717,0.0655555555555556
3,1,34,0.13830025769,0.0204703493296089
3,1,36,0.1447926907,0.0314927496
3,1,37,0.13969137214,0.0298206983240223
3,2,21,0.13933100303,0.0202271102517986
3,1,35,0.13555417208,0.043016565
3,1,39,0.13359189117,0.0186391052356021
3,2,22,0.13923912821,0.0256234710877193
3,2,23,0.14045144777,0.0253696145
3,1,38,0.145472881,0.0230870667539267
3,2,24,0.13267634664,0.0172721777307692
3,2,29,0.14139644462,0.0212690270786517
3,1,40,0.14350727195,0.0256556125
3,2,25,0.13647693936,0.0224995105776173
3,2,27,0.1362323515,0.0176417901136364
3,2,26,0.13985290918,0.0134002845360825
3,2,30,0.14627990425,0.0345036994756554
3,2,28,0.13952713237,0.0232158162825279
3,2,32,0.13782678237,0.0288375688768116
3,2,31,0.13815690883,0.0181140154895105
3,2,33,0.1417223783,0.0180089733928571
3,2,34,0.13673384104,0.0210885759925094
3,2,36,0.13886761215,0.0146551542023346
3,2,37,0.13554837742,0.0194657173090909
3,2,35,0.13331042968,0.020034567716263
3,2,39,0.13386501512,0.0203997781443299
3,2,38,0.14202912248,0.0126226794890511
3,2,40,0.13939552529,0.0138501472142857
3,3,21,0.13549551233,0.00945146046341463
3,3,23,0.13914047253,0.0130272696642686
3,3,22,0.13770535108,0.0237676682125604
3,3,24,0.13262031029,0.014007825479798
3,3,29,0.13918521604,0.00734176345177665
3,3,25,0.13520168397,0.0151959143765281
3,3,27,0.13461805,0.0110977486901763
3,3,30,0.1425024563,0.0180855490841584
3,3,26,0.13937969081,0.0143009932116788
3,3,28,0.13879188813,0.00738552122194514
3,3,32,0.13545747376,0.013329804009901
3,3,33,0.13969222305,0.0139429897481108
3,3,31,0.13567036054,0.00896212849382716
3,3,34,0.13588482031,0.00967853899742931
3,3,36,0.13786330766,0.00837748556962025
3,3,37,0.13551231231,0.0177270957425743
3,3,35,0.13212882936,0.010202787097561
3,3,39,0.1315915174,0.0131834882309582
3,3,38,0.14128793154,0.00835926656934307
3,3,40,0.13912239995,0.0126485527819549
4,1,21,0.13485593638,0.02083231208
4,1,24,0.13380743429,0.02392251322
4,1,23,0.13896521315,0.02312670946
4,1,22,0.13679479491,0.02278735186
4,1,29,0.13915770323,0.01786475572
4,1,25,0.13369688591,0.02395476504
4,1,30,0.14094109348,0.02554973548
4,1,27,0.13559296555,0.02261399078
4,1,28,0.13802604397,0.01915195046
4,1,32,0.13585458223,0.02601349748
4,1,26,0.13844974727,0.0201310884
4,1,34,0.13537070787,0.0315421548
4,1,33,0.13930941739,0.02537782672
4,1,36,0.13651916088,0.02846342774
4,1,31,0.13482194583,0.0188868111
4,1,37,0.13579969026,0.01727856758
4,1,35,0.1329354535,0.0235946633
4,1,39,0.13199656738,0.02126663288
4,1,38,0.14056224317,0.02669099866
4,1,40,0.13710783373,0.02117953006
5,1,21,0.13490633828,0.01811763748
5,1,24,0.13397409225,0.02266858656
5,1,23,0.13931888281,0.02157580838
5,1,29,0.13927142798,0.01616483038
5,1,25,0.13373228587,0.02436864316
5,1,22,0.13662917728,0.01965532856
5,1,30,0.14088597583,0.02289982446
5,1,27,0.13553352461,0.0214690606
5,1,36,0.13645838597,0.02531226656
5,1,28,0.13815040714,0.01751606632
5,1,34,0.13531343401,0.02701219538
5,1,32,0.13576023206,0.01948094104
5,1,26,0.13861803257,0.01615528916
5,1,33,0.13919349548,0.02570939484
5,1,37,0.13555242098,0.01571930282
5,1,31,0.13492243262,0.01701564936
5,1,39,0.13172705129,0.01968640866
5,1,35,0.13259979804,0.02173987522
5,1,38,0.14076442323,0.02170324476
5,1,40,0.13754471037,0.01964193992
5,2,21,0.13494774134,0.01667716718
5,2,24,0.133689169,0.0203440531
5,2,23,0.13909381932,0.01744095688
5,2,29,0.13945061595,0.01437242898
5,2,25,0.13422178326,0.01909399632
5,2,30,0.14096540106,0.02020735578
5,2,36,0.13652569717,0.02280028516
5,2,34,0.13518993294,0.02549279582
5,2,27,0.13555916111,0.02124109474
5,2,22,0.13668817606,0.01742976006
5,2,28,0.13815371883,0.01609915314
5,2,32,0.13572626939,0.01648315246
5,2,37,0.13567945898,0.01802565622
5,2,33,0.13942771973,0.02086313588
5,2,26,0.13868876968,0.01659002862
5,2,31,0.13550444603,0.01559403998
5,2,39,0.13153091087,0.01870787442
5,2,35,0.13243432486,0.02070509436
5,2,40,0.13743534882,0.01722937898
5,2,38,0.14045773062,0.01827747468
5,3,24,0.13355871937,0.01288676656
1,1,41,NA,NA
1,2,41,NA,NA
1,3,41,NA,NA
5,3,21,0.13516460906,0.01088451914
1,1,42,NA,NA
1,2,42,NA,NA
1,3,42,NA,NA
5,3,23,0.13864510986,0.0110301328
5,3,29,0.13906955473,0.0123531288
1,1,43,NA,NA
1,1,44,NA,NA
1,2,43,NA,NA
1,3,43,NA,NA
1,2,44,NA,NA
1,3,44,NA,NA
5,3,25,0.13449949379,0.01381981564
1,1,45,NA,NA
1,2,45,NA,NA
1,3,45,NA,NA
5,3,36,0.13647532069,0.01471247414
1,1,46,NA,NA
1,2,46,NA,NA
1,3,46,NA,NA
5,3,30,0.14092305684,0.01141426108
1,1,47,NA,NA
1,2,47,NA,NA
1,3,47,NA,NA
5,3,34,0.13514183008,0.01662435278
1,1,48,NA,NA
1,2,48,NA,NA
1,3,48,NA,NA
5,3,27,0.13586841738,0.0150241009
1,1,49,NA,NA
5,3,37,0.13559044703,0.01479570246
1,2,49,NA,NA
1,3,49,NA,NA
1,1,50,NA,NA
1,2,50,NA,NA
5,3,32,0.13521932316,0.01079863888
1,3,50,NA,NA
1,1,51,NA,NA
1,2,51,NA,NA
1,3,51,NA,NA
5,3,28,0.13807455706,0.01129092712
1,1,52,NA,NA
1,2,52,NA,NA
1,3,52,NA,NA
5,3,22,0.13656360712,0.01140026966
5,3,33,0.13908789589,0.0149555755
1,1,53,NA,NA
1,1,54,NA,NA
1,2,54,NA,NA
1,2,53,NA,NA
1,3,54,NA,NA
1,3,53,NA,NA
5,3,26,0.13880716052,0.01269453234
1,1,55,NA,NA
1,2,55,NA,NA
1,3,55,NA,NA
2,1,42,0.13714215288,0.065947242206235
2,1,41,0.13322950277,0.0517441860465116
5,3,31,0.13507050247,0.01193844458
1,1,56,NA,NA
1,2,56,NA,NA
1,3,56,NA,NA
2,1,44,0.13798797448,0.0535294117647059
2,1,43,0.14601490046,0.0470588235294118
2,1,45,0.14005755419,0.0620608899297424
5,3,39,0.13151298376,0.01226934506
1,1,57,NA,NA
1,2,57,NA,NA
1,3,57,NA,NA
5,3,40,0.13701396488,0.01457480728
1,1,58,NA,NA
1,2,58,NA,NA
1,3,58,NA,NA
2,1,46,0.14518670078,0.0632458233890215
2,1,47,0.14018500191,0.0641176470588235
5,3,35,0.13251086083,0.01365873626
1,1,59,NA,NA
1,2,59,NA,NA
1,3,59,NA,NA
2,1,48,0.13886414857,0.0697115384615385
5,3,38,0.14063183483,0.01305611708
1,1,60,NA,NA
1,2,60,NA,NA
1,3,60,NA,NA
2,1,51,0.14078794885,0.0516826923076923
2,1,50,0.14291394098,0.0587885985748219
2,1,49,0.13872722722,0.0504640371229698
2,1,52,0.13851684273,0.0552941176470588
2,2,41,0.13254400949,0.0579819277108434
2,2,42,0.13781165713,0.0730088495575221
2,1,53,0.13514094886,0.0659806295399516
2,1,54,0.13847116316,0.0416666666666667
2,1,55,0.13798529161,0.0617782909930716
2,1,56,0.13713031447,0.0464037122969838
2,2,43,0.14747398386,0.052827380952381
2,2,44,0.1397595437,0.062316715542522
2,2,45,0.13941547556,0.0687134502923977
2,2,46,0.14533138246,0.0694864048338369
2,3,42,0.13875022995,0.0731707317073171
2,3,41,0.133163664,0.0630841121495327
2,2,47,0.13999315723,0.0682471264367816
2,2,48,0.13875946682,0.0748502994011976
2,1,57,0.13453738188,0.0608433734939759
2,1,58,0.13608905024,0.0638424821002387
2,2,51,0.14212985532,0.0609375
2,2,50,0.14351397411,0.0636363636363636
2,2,52,0.14042434979,0.0552238805970149
2,2,49,0.13781836166,0.0456460674157303
2,1,59,0.13757669433,0.0586206896551724
2,2,53,0.13585932375,0.0647590361445783
2,1,60,0.13706146397,0.0506912442396313
2,2,54,0.14006985861,0.0419034090909091
2,2,55,0.13871036487,0.0662202380952381
2,3,43,0.15551188332,0.0637755102040816
2,3,44,0.14234400954,0.0662100456621005
2,3,45,0.13968890361,0.077906976744186
2,3,46,0.14876675825,0.09375
3,1,42,0.13974886944,0.0156025068484848
2,3,47,0.14233747246,0.076555023923445
2,2,56,0.13572647164,0.0420353982300885
2,3,48,0.13999317518,0.0775862068965517
3,1,41,0.13937390144,0.0447501678571429
2,3,51,0.14390069986,0.0634146341463415
2,3,50,0.14528647128,0.0495169082125604
2,3,52,0.13845444325,0.0495391705069124
2,3,53,0.14128332748,0.0821078431372549
2,3,49,0.13865593782,0.0549792531120332
2,2,57,0.13511557782,0.0525914634146341
2,2,58,0.13568509087,0.0510355029585799
2,3,54,0.14161792497,0.0353881278538813
2,3,55,0.13901650998,0.0547945205479452
3,1,43,0.16556371817,0.0603398180838323
2,2,59,0.13986723852,0.0605413105413105
3,1,44,0.14009616193,0.0167769045212766
2,2,60,0.13721991468,0.0523598820058997
3,1,45,0.15049587422,0.0704040659659091
3,1,46,0.14655405208,0.0244853208333333
2,3,56,0.13770512877,0.0514018691588785
3,1,48,0.14171703567,0.0359253117857143
3,1,47,0.14034351784,0.0243531682474227
3,1,51,0.14982334977,0.0233178280701754
3,1,50,0.15825435767,0.0907914191351351
3,1,52,0.14438897278,0.0298107536170213
3,1,53,0.13590706679,0.0368821324431818
3,2,42,0.13712730905,0.0196661005019305
2,3,58,0.13613934804,0.0657894736842105
2,3,57,0.13797157524,0.0657276995305164
3,2,41,0.13373122955,0.01690801
3,1,49,0.13846012461,0.0378413293717277
3,1,55,0.14008056182,0.020854329375
3,1,54,0.1413235446,0.0238042028804348
2,3,59,0.13856445299,0.0549065420560748
2,3,60,0.13804788187,0.0507246376811594
3,1,56,0.13390166758,0.0199284103389831
3,2,43,0.14466684573,0.0268583529044118
3,2,44,0.1397243257,0.0135623794833948
3,2,45,0.13857023221,0.012274128490566
3,2,46,0.14769361243,0.0142186409677419
3,2,48,0.13946014937,0.0254134344573643
3,1,58,0.13610328436,0.0168131254098361
3,1,57,0.13707434504,0.0266476813586957
3,2,47,0.14033607537,0.0162736293006993
3,2,51,0.1465076352,0.0186096551660517
3,2,50,0.14327341334,0.0215004290035587
3,1,59,0.13544803141,0.0234183394797688
3,2,53,0.13728688131,0.0300596903816794
3,2,52,0.13922535487,0.0217365461805556
3,1,60,0.15219461497,0.0493991855319149
3,2,49,0.13944441448,0.028957054778157
3,2,55,0.14081582733,0.0179845175954198
3,2,54,0.14251758768,0.0211306914878893
3,2,56,0.13413963405,0.0163925619343066
3,3,42,0.13552305,0.0135524966062176
3,2,58,0.1371876156,0.027491646741573
3,3,41,0.13390618516,0.0116173585822785
3,2,57,0.13497108406,0.0195029924
3,2,59,0.13705965312,0.0188869809225092
3,2,60,0.13958878733,0.0186323496864111
3,3,43,0.14415175577,0.0280726285786802
3,3,45,0.13864582765,0.00858025382871536
3,3,44,0.13817742277,0.00653797702290076
3,3,48,0.1411730755,0.0184548368421053
3,3,46,0.14403056971,0.0080813256372549
3,3,51,0.14342991725,0.00985421809523809
3,3,47,0.13973784268,0.0114890877669903
3,3,50,0.14072240268,0.0182389866504854
3,3,53,0.13758903819,0.00991184855721393
3,3,52,0.13786864647,0.0102948531343284
3,3,55,0.13763313409,0.0137322694878049
3,3,49,0.13579184911,0.0130372606954436
3,3,54,0.13837717269,0.010484507173913
3,3,56,0.13537363364,0.008131847825
3,3,58,0.13503291371,0.00957243341025641
3,3,57,0.13353954488,0.0156831504603581
3,3,59,0.13551030648,0.00840672167088608
4,1,42,0.13530301926,0.02520992866
3,3,60,0.13664945315,0.010515300391198
4,1,41,0.13358666635,0.020518271
4,1,43,0.14440290354,0.02639879388
4,1,45,0.13848855619,0.02262173676
4,1,48,0.13865493914,0.02538633312
4,1,44,0.1385277633,0.0188740759
4,1,46,0.14319217621,0.0210443587
4,1,51,0.14075986478,0.02447341286
4,1,50,0.13985679944,0.02343879912
4,1,53,0.13545583392,0.01900107132
4,1,47,0.13878056175,0.02269055474
4,1,52,0.13748782985,0.02492224834
4,1,55,0.13680291201,0.0264762154
4,1,54,0.13780831988,0.01777560498
4,1,49,0.13541945307,0.0159150921
4,1,56,0.1362227228,0.01798095764
4,1,58,0.13435967176,0.02669643894
4,1,57,0.13396801102,0.0194543629
4,1,59,0.13639944553,0.02238514892
5,1,42,0.13540488019,0.02494929002
4,1,60,0.13604978553,0.02443320112
5,1,41,0.13354280365,0.02018835556
5,1,43,0.14449101611,0.02470855438
5,1,45,0.13838701149,0.02003897664
5,1,48,0.13846605884,0.02284063642
5,1,51,0.14106520316,0.0222440679
5,1,46,0.14319171218,0.01925562392
5,1,44,0.13842072766,0.0178327659
5,1,53,0.13537862756,0.01698943238
5,1,50,0.13996536514,0.02262089792
5,1,47,0.13857022161,0.017550521
5,1,52,0.13773653748,0.02248521678
5,1,55,0.1366550439,0.02059001406
5,1,54,0.13809937391,0.01582440638
5,1,56,0.13563834137,0.01487404068
5,1,49,0.13542372913,0.01367711028
5,1,58,0.13437608014,0.02452707944
5,1,57,0.13394089872,0.01791419516
5,1,59,0.13623225779,0.01975939236
5,2,42,0.13525390743,0.02232827338
5,1,60,0.13638856994,0.0215503197
5,2,41,0.13378048609,0.01932422638
5,2,43,0.14412037546,0.0213004548
5,2,51,0.14130776711,0.0214225533
5,2,48,0.1384750752,0.02186730576
5,2,45,0.1383423743,0.01811104606
5,2,46,0.14283746711,0.01767926788
5,2,44,0.13830634205,0.01547632108
5,2,53,0.13551060726,0.01505854722
5,2,50,0.1397343142,0.01681105248
5,2,47,0.13845439127,0.01650878358
5,2,52,0.13746305259,0.02137593298
5,2,54,0.13808085625,0.01487225832
5,2,55,0.1370313682,0.0173081071
5,2,56,0.13569698577,0.0152194927
5,2,58,0.13457393732,0.02427521848
5,2,49,0.13543372759,0.01318756078
5,2,59,0.13601316155,0.01824644046
5,2,57,0.1336917493,0.01624467262
5,2,60,0.13644497652,0.02046634174
5,3,42,0.13523899142,0.01729445648
1,1,61,NA,NA
1,2,61,NA,NA
1,3,61,NA,NA
5,3,41,0.13330374028,0.01111413064
1,1,62,NA,NA
1,2,62,NA,NA
1,3,62,NA,NA
5,3,43,0.14381206224,0.0143406347
1,1,63,NA,NA
1,2,63,NA,NA
1,3,63,NA,NA
5,3,51,0.14122120538,0.01632061778
1,1,64,NA,NA
1,2,64,NA,NA
1,3,64,NA,NA
5,3,48,0.1385855608,0.01331095652
1,1,65,NA,NA
1,2,65,NA,NA
1,3,65,NA,NA
5,3,45,0.13842714577,0.01245884852
1,1,66,NA,NA
1,2,66,NA,NA
1,3,66,NA,NA
5,3,46,0.1434322218,0.01208408708
1,1,67,NA,NA
1,2,67,NA,NA
1,3,67,NA,NA
2,1,61,0.13218626869,0.0472027972027972
5,3,44,0.1383229563,0.01109703352
1,1,68,NA,NA
1,2,68,NA,NA
1,3,68,NA,NA
5,3,53,0.13553439951,0.0095985688
1,1,69,NA,NA
1,2,69,NA,NA
1,3,69,NA,NA
5,3,50,0.13912230565,0.01169428412
1,1,70,NA,NA
1,2,70,NA,NA
1,3,70,NA,NA
2,1,62,0.13659933259,0.0608591885441527
5,3,52,0.13681983494,0.01231055552
1,1,71,NA,NA
1,2,71,NA,NA
1,3,71,NA,NA
5,3,58,0.13465662703,0.01727231856
1,1,72,NA,NA
1,2,72,NA,NA
1,3,72,NA,NA
5,3,47,0.1389106575,0.00890282732
1,1,73,NA,NA
1,2,73,NA,NA
1,3,73,NA,NA
5,3,54,0.13792779413,0.01283144118
1,1,74,NA,NA
1,2,74,NA,NA
1,3,74,NA,NA
2,1,63,0.13834225662,0.0565268065268065
5,3,55,0.13649739315,0.01177449594
1,1,75,NA,NA
5,3,56,0.13542507302,0.01149161932
1,2,75,NA,NA
1,3,75,NA,NA
1,1,76,NA,NA
1,2,76,NA,NA
1,3,76,NA,NA
5,3,59,0.13574745824,0.01396574076
1,1,77,NA,NA
1,2,77,NA,NA
1,3,77,NA,NA
2,1,64,0.14049178803,0.0674603174603175
5,3,57,0.1337546375,0.011977367
1,1,78,NA,NA
1,2,78,NA,NA
1,3,78,NA,NA
2,1,65,0.13724884563,0.0704976303317536
2,2,61,0.1322935743,0.043859649122807
2,1,66,0.13525262472,0.0517647058823529
5,3,49,0.13517540137,0.0052372239
1,1,79,NA,NA
1,2,79,NA,NA
1,3,79,NA,NA
2,1,67,0.1326733843,0.0446009389671361
2,1,68,0.13440442193,0.0644028103044497
2,2,62,0.13776920873,0.0575757575757576
2,1,69,0.13949294401,0.0573770491803279
2,1,70,0.14141441563,0.0475308641975309
2,2,63,0.13783739408,0.0511695906432749
2,3,61,0.13285283022,0.0558139534883721
2,1,71,0.13895876031,0.0542452830188679
2,1,73,0.13716522982,0.0569007263922518
2,1,72,0.13715832013,0.0724465558194774
2,1,74,0.13481869658,0.0641330166270784
2,1,75,0.13657893606,0.0515222482435597
2,1,76,0.1398407509,0.0594965675057208
2,2,65,0.13670064509,0.0657894736842105
2,2,64,0.13970484306,0.0690883190883191
5,3,60,0.13628302087,0.01276319572
2,3,62,0.14243057263,0.0593023255813954
1,1,80,NA,NA
1,2,80,NA,NA
1,3,80,NA,NA
2,2,66,0.13550561912,0.0443786982248521
2,1,77,0.14230896275,0.0582352941176471
2,1,78,0.13277667161,0.0445783132530121
2,2,67,0.1347955422,0.0576347305389222
2,1,79,0.14536159652,0.0649038461538462
2,2,68,0.13317721537,0.0595588235294118
2,2,69,0.14009748861,0.0653495440729483
2,2,70,0.14076468501,0.0537313432835821
2,3,63,0.1392745012,0.0591787439613527
3,1,61,0.13384254539,0.027054014127907
2,3,65,0.13864862107,0.0681818181818182
2,3,64,0.14128369553,0.0698198198198198
2,2,71,0.13818770459,0.046969696969697
2,2,73,0.13836740694,0.0579268292682927
3,1,62,0.1370733425,0.0322647016939891
2,3,66,0.14076158074,0.0707762557077626
2,2,72,0.13745032184,0.0665204678362573
2,2,74,0.13453763822,0.0542813455657492
2,3,67,0.13636286911,0.0642857142857143
2,2,75,0.13976700899,0.0548961424332344
2,2,76,0.14029715907,0.0608695652173913
2,3,69,0.14058033919,0.0899532710280374
2,3,68,0.13370573961,0.0770089285714286
2,2,77,0.14778242348,0.0660660660660661
2,3,70,0.1417531396,0.0765765765765766
2,2,78,0.13294518572,0.05078125
3,1,63,0.13855217424,0.0260324865517241
2,2,79,0.14295171325,0.0669781931464174
2,1,80,0.13171636496,0.0685011709601874
3,1,65,0.13692607938,0.0115367856521739
2,3,71,0.13973414715,0.0670731707317073
3,1,64,0.14106087795,0.026111665359116
2,3,73,0.1390962975,0.0528169014084507
3,2,61,0.13211780103,0.0143064138888889
2,3,72,0.13784901975,0.0844907407407407
2,3,74,0.14011477612,0.0630733944954128
3,1,66,0.13442754634,0.0221298914054054
2,3,75,0.13734283174,0.0585585585585586
3,1,67,0.13446778362,0.0203142352
2,3,76,0.14147879323,0.0638766519823789
3,1,69,0.14197752203,0.0288927669021739
2,3,77,0.14705921168,0.0876168224299065
3,1,68,0.13570820236,0.024975585359116
3,2,62,0.13656587523,0.0251409814828897
2,3,78,0.13689766064,0.0588942307692308
3,1,70,0.14783222959,0.0524327990322581
2,3,79,0.14169826201,0.0641025641025641
3,1,71,0.13856716436,0.0197770331868132
3,1,73,0.14114676843,0.038773675
3,2,63,0.13764100661,0.0168824602930403
2,2,80,0.13156363266,0.0659824046920821
3,1,72,0.13804004719,0.0172679152247191
3,1,74,0.13600505287,0.0411308821538462
3,1,75,0.14043162554,0.0198015024175824
3,1,76,0.1399429797,0.0195076892896175
3,2,65,0.13631427847,0.0147194253979239
3,2,64,0.13976040514,0.0201166612592593
3,1,77,0.14240950232,0.0158028998895028
3,1,78,0.13406449096,0.0509466469142857
3,2,66,0.13559097695,0.017044671294964
3,1,79,0.14613800943,0.0349694799459459
3,2,67,0.13550413796,0.024031824962406
3,2,69,0.13689562799,0.0255341111397059
3,2,68,0.13458488827,0.020875935480427
3,2,70,0.1393498651,0.0169459996797153
2,3,80,0.13607351432,0.075609756097561
3,3,61,0.13230995578,0.00639034489690722
3,2,73,0.13768707363,0.0337811027203065
3,2,71,0.13739054962,0.01482102
3,2,72,0.13834167822,0.0300023312765957
3,2,75,0.13610418241,0.0171751349084249
3,2,74,0.13267052353,0.0138407560869565
3,2,76,0.13954756735,0.0178383180782918
3,3,62,0.13576234479,0.0121367363819095
3,2,77,0.14087815997,0.0105308851971326
3,2,78,0.13062357859,0.0207661648484848
3,1,80,0.13301525311,0.0151761576436782
3,2,79,0.14781560613,0.0425137985714286
3,3,63,0.13724117036,0.0113312239598997
3,3,64,0.13688883572,0.0139996141794872
3,3,65,0.13565660447,0.0108831727407407
3,3,66,0.13531709588,0.0100998274937343
3,3,67,0.13358506017,0.0155575173007712
3,3,69,0.13876678808,0.0193568545024876
3,3,68,0.13366258478,0.0118467281372549
3,3,70,0.13835786247,0.0116501416584158
3,2,80,0.13267223133,0.0202250981273408
3,3,73,0.13596905315,0.0171020399744898
3,3,71,0.13720672541,0.0149883135643564
3,3,72,0.13648562468,0.0129394159193955
3,3,75,0.13622268022,0.0115524789473684
3,3,74,0.13302566002,0.00525917548309179
3,3,76,0.13977920912,0.015199526962963
4,1,61,0.13144259979,0.02411539038
3,3,77,0.14109379835,0.00930712105263158
3,3,78,0.13043812724,0.0138240999502488
3,3,79,0.14173147271,0.0075193125
4,1,62,0.13671766729,0.02197460822
4,1,63,0.13755818982,0.02568910708
3,3,80,0.13226790779,0.0144529172727273
4,1,64,0.13708949696,0.01749260318
4,1,65,0.13551653894,0.02160330098
4,1,66,0.13517619418,0.02448810632
4,1,67,0.13334090005,0.02168888248
4,1,70,0.14051729412,0.0217013631
4,1,68,0.13431215048,0.02261091582
4,1,69,0.13731392979,0.01927260938
4,1,73,0.13484981407,0.02306178514
4,1,71,0.13669787684,0.01865257092
4,1,72,0.1366986734,0.02917218772
4,1,75,0.13573587424,0.02405806982
4,1,78,0.13029905357,0.02379356032
4,1,79,0.14206434904,0.0277125728
4,1,77,0.14119653022,0.02542688634
4,1,74,0.13308739499,0.02345227598
4,1,76,0.1390574061,0.01936503486
5,1,61,0.13154909623,0.02452803086
5,1,62,0.13654607505,0.01961722806
5,1,63,0.13729477897,0.02234561482
4,1,80,0.13138327344,0.02297401116
5,1,64,0.13697280033,0.01766857702
5,1,66,0.13496290915,0.02207866546
5,1,65,0.13551857325,0.02215053764
5,1,67,0.13294473265,0.02213295966
5,1,70,0.14024450274,0.01965687686
5,1,68,0.13430954671,0.01913998876
5,1,73,0.13496951078,0.0220547774
5,1,69,0.13736331184,0.01896122526
5,1,71,0.13658448566,0.01879222594
5,1,72,0.13620548279,0.0246046535
5,1,79,0.14199358962,0.02584502696
5,1,75,0.13522609552,0.02122346484
5,1,78,0.13055189363,0.02274780048
5,1,77,0.14096545927,0.02254307682
5,2,61,0.13192469219,0.01952474584
5,1,76,0.13906336021,0.0173971962
5,1,74,0.1327721859,0.02206184228
5,2,62,0.13658721797,0.0181270464
5,1,80,0.13185374515,0.02063153562
5,2,63,0.13694805096,0.01864327614
5,2,64,0.13687658656,0.01647701582
5,2,66,0.13514733397,0.01924659296
5,2,65,0.13544710436,0.01892056012
5,2,67,0.13288132093,0.0200560059
5,2,70,0.13998607891,0.01705766414
5,2,73,0.13496591016,0.01988449702
5,2,68,0.13423177716,0.01709457986
5,2,69,0.13725529495,0.01603668976
5,2,72,0.13608860864,0.0191686751
5,2,71,0.13641641808,0.01696526574
5,2,79,0.14133868696,0.02184727584
5,2,78,0.13069435825,0.02006491504
5,2,75,0.13530033493,0.01715370684
5,2,77,0.14144001172,0.01878464106
5,2,76,0.13900461111,0.0163770473
5,2,74,0.13295068809,0.0182181175
5,3,61,0.13198849319,0.01678087412
1,1,81,NA,NA
1,2,81,NA,NA
1,3,81,NA,NA
5,3,62,0.13634655408,0.01386673954
1,1,82,NA,NA
1,2,82,NA,NA
1,3,82,NA,NA
5,2,80,0.13178707771,0.01813251942
5,3,63,0.13664554666,0.01367326708
1,1,83,NA,NA
1,2,83,NA,NA
2,1,81,0.1364747703,0.058433734939759
1,3,83,NA,NA
5,3,64,0.13686606687,0.01021379922
1,1,84,NA,NA
1,2,84,NA,NA
1,3,84,NA,NA
5,3,66,0.13565434525,0.0163656622
1,1,85,NA,NA
1,2,85,NA,NA
1,3,85,NA,NA
5,3,65,0.13544045337,0.01585284846
1,1,86,NA,NA
5,3,67,0.13255137755,0.0138493205
1,2,86,NA,NA
1,3,86,NA,NA
1,1,87,NA,NA
1,2,87,NA,NA
1,3,87,NA,NA
5,3,73,0.13491777302,0.01256519122
1,1,88,NA,NA
1,2,88,NA,NA
1,3,88,NA,NA
5,3,70,0.1397374456,0.01395423434
1,1,89,NA,NA
1,2,89,NA,NA
1,3,89,NA,NA
2,1,82,0.13802496933,0.0609756097560976
5,3,68,0.13397602413,0.0146517015
1,1,90,NA,NA
1,2,90,NA,NA
1,3,90,NA,NA
5,3,69,0.13761426708,0.01393352734
1,1,91,NA,NA
1,2,91,NA,NA
1,3,91,NA,NA
2,2,81,0.13721805044,0.0597826086956522
2,1,83,0.14041214814,0.0738095238095238
2,1,84,0.1418670871,0.0645539906103286
5,3,79,0.14159629023,0.01647177264
1,1,92,NA,NA
1,2,92,NA,NA
1,3,92,NA,NA
5,3,72,0.13614901935,0.01343994002
1,1,93,NA,NA
1,2,93,NA,NA
1,3,93,NA,NA
5,3,71,0.13674104516,0.01273751998
1,1,94,NA,NA
1,2,94,NA,NA
1,3,94,NA,NA
5,3,78,0.13090522912,0.01354625032
1,1,95,NA,NA
1,2,95,NA,NA
1,3,95,NA,NA
2,1,85,0.13179188276,0.0554245283018868
2,2,82,0.13877416481,0.0632621951219512
5,3,75,0.13500918762,0.01510216226
1,1,96,NA,NA
1,2,96,NA,NA
1,3,96,NA,NA
2,1,86,0.14023781112,0.0488095238095238
2,3,81,0.13889142896,0.0618932038834951
2,1,87,0.13392134074,0.0614849187935035
2,1,88,0.13997209936,0.0514354066985646
5,3,77,0.14151798453,0.01331947246
1,1,97,NA,NA
1,2,97,NA,NA
1,3,97,NA,NA
2,1,89,0.13983898719,0.051909307875895
5,3,76,0.13853235453,0.01231184626
1,1,98,NA,NA
1,2,98,NA,NA
2,1,90,0.13350651036,0.0533175355450237
1,3,98,NA,NA
2,1,91,0.14197839094,0.0632250580046404
5,3,74,0.13296736943,0.01412462904
1,1,99,NA,NA
1,2,99,NA,NA
1,3,99,NA,NA
2,2,83,0.14160861692,0.0727554179566563
2,3,82,0.13934589442,0.077970297029703
2,2,84,0.14101907817,0.0652173913043478
3,1,81,0.13845937614,0.038112690505618
2,2,85,0.13209298273,0.053030303030303
5,3,80,0.13199587889,0.01151231068
1,1,100,NA,NA
1,2,100,NA,NA
1,3,100,NA,NA
2,1,93,0.13049942894,0.0485611510791367
2,1,92,0.13763294608,0.0586854460093897
2,1,94,0.135928917,0.0573671497584541
2,2,86,0.14080242569,0.0471976401179941
2,2,88,0.13957443609,0.0444277108433735
2,1,95,0.14351753996,0.0620525059665871
2,2,87,0.13287777052,0.0524425287356322
2,2,89,0.14016046188,0.0558823529411765
2,1,96,0.14405047025,0.0638297872340425
2,1,97,0.13827464017,0.0611510791366906
2,3,83,0.13962727599,0.0649038461538462
2,2,90,0.13440416325,0.0557184750733138
2,3,84,0.14403669498,0.0813106796116505
3,1,82,0.15438472904,0.0913573942372881
2,2,91,0.14174208066,0.0621301775147929
2,1,98,0.13463073981,0.0566265060240964
2,3,85,0.13317780291,0.0579710144927536
2,1,99,0.13924581847,0.0571428571428571
2,3,86,0.14161659036,0.0476744186046512
2,3,88,0.13986429571,0.0457920792079208
2,3,87,0.13481690493,0.0690045248868778
3,2,81,0.13805095321,0.0303806917153285
2,3,89,0.14015854282,0.0604166666666667
2,2,93,0.13094743646,0.0411764705882353
2,2,94,0.13702483692,0.0574534161490683
2,2,92,0.13741251302,0.0545058139534884
2,2,95,0.144136337,0.0688854489164087
2,3,90,0.13592426398,0.0655940594059406
3,1,83,0.13946005547,0.0175530599459459
2,1,100,0.14125783035,0.0605700712589074
2,3,91,0.14227343143,0.0598086124401914
3,1,84,0.14661392074,0.0520031989617486
2,2,96,0.14278793189,0.0590490797546012
2,2,97,0.1385856572,0.0621301775147929
3,1,85,0.13455717834,0.0267937486187845
2,2,98,0.13519085111,0.0642857142857143
3,2,82,0.1389096681,0.0307813674358974
3,1,88,0.14465716191,0.0233303365454545
3,1,86,0.142345687,0.02386925875
3,1,87,0.14127642381,0.0445911040935673
3,1,89,0.14819661561,0.0513806084745763
2,3,94,0.13638773392,0.0591787439613527
2,3,93,0.13230127862,0.0484234234234234
2,2,99,0.13978994334,0.0592307692307692
2,3,95,0.1449493811,0.0669191919191919
2,3,92,0.13731929613,0.046875
3,1,90,0.13738049369,0.0254122456571429
2,3,96,0.14248614506,0.047979797979798
3,1,91,0.14495897162,0.0161763565263158
2,3,97,0.1392699733,0.0651162790697674
2,2,100,0.14122647667,0.0630630630630631
3,2,83,0.13766474555,0.0120637669888476
2,3,98,0.13659391347,0.083743842364532
3,2,84,0.13995233939,0.0266491248214286
2,3,99,0.1402003428,0.0606796116504854
3,1,94,0.13688771893,0.0242777367613636
3,1,93,0.13287572942,0.023084356440678
3,2,85,0.13267048638,0.0282801767474048
3,1,92,0.13787219047,0.0162708219337017
3,1,95,0.14746859901,0.0325924862051282
3,2,88,0.1416399746,0.0205592513127413
3,3,81,0.13501678406,0.0127376307360406
3,2,86,0.13905088264,0.022648581870229
3,2,87,0.13551443398,0.0243866271755725
3,1,96,0.14740876487,0.0444155511111111
3,2,89,0.14073914626,0.0383830478021978
3,1,97,0.14203932881,0.0210524571505376
2,3,100,0.14385413369,0.0619047619047619
3,2,90,0.13362229479,0.0196986621641791
3,1,98,0.13841609694,0.047119377877095
3,2,91,0.142704512,0.018132014467354
3,1,99,0.14526110406,0.0261904878488372
3,3,82,0.13852747504,0.0177871580357143
3,2,94,0.1349352538,0.0117306505223881
3,2,93,0.13009085965,0.0226153115523466
3,1,100,0.1439607375,0.0128721556179775
3,2,92,0.13728060908,0.0148093752595156
3,2,95,0.14478008684,0.0216615613541667
3,2,96,0.14303980926,0.0175355944150943
3,2,97,0.14043123943,0.0161731390774908
3,3,83,0.13729917369,0.00924611554987212
3,2,98,0.13358751042,0.0183607384962406
3,3,84,0.13974893709,0.0179329092978208
3,2,99,0.14442546568,0.0135217483969466
3,3,85,0.13219983607,0.0162301091066998
3,3,88,0.14118049798,0.0148809898730964
3,3,86,0.13774626847,0.00681867455242967
3,3,87,0.13554752093,0.0244509406169666
3,3,89,0.13883564596,0.0144779925185185
3,2,100,0.14351815466,0.0121158896309963
3,3,90,0.13314872695,0.0135468127860697
4,1,81,0.135673282,0.02433091878
3,3,91,0.14177469535,0.0150393223514851
3,3,94,0.13459455389,0.00995636196969697
3,3,93,0.13024574106,0.0184372932432432
3,3,92,0.13637287772,0.011481962925
3,3,95,0.14317779829,0.00872052736453202
3,3,96,0.1416019572,0.0101098494642857
4,1,82,0.13853091178,0.02303325996
3,3,97,0.13799547206,0.0158577151306413
3,3,98,0.13298222478,0.0108715714676617
3,3,99,0.14142042585,0.0116541719387755
4,1,83,0.13704757287,0.01845606144
3,3,100,0.1417270197,0.00864417633165829
4,1,84,0.13813014162,0.0226045946
4,1,88,0.13825602368,0.02340342794
4,1,85,0.13072433968,0.02270054568
4,1,87,0.13318778421,0.02433883116
4,1,86,0.13831926999,0.02224359112
4,1,89,0.13839926642,0.0206453887
4,1,90,0.13243753408,0.02496509314
5,1,81,0.13546501561,0.02140993484
4,1,91,0.1405955059,0.02413721988
4,1,94,0.13473145058,0.02643371446
4,1,93,0.12844148663,0.02173092408
4,1,96,0.14147639169,0.02109178478
4,1,92,0.13621716008,0.0206316893
4,1,95,0.14187984539,0.01731605174
4,1,97,0.13844753924,0.0209073074
4,1,98,0.13295307357,0.02282527166
4,1,99,0.13919759597,0.02648340622
5,1,82,0.13807862105,0.02168893794
5,1,83,0.13683876986,0.01711129794
4,1,100,0.14135814197,0.01734144376
5,1,84,0.13837914156,0.02197932142
5,1,88,0.13832396578,0.02459305008
5,1,87,0.13341221536,0.02306878256
5,1,89,0.13836213498,0.01885017328
5,1,85,0.130745582,0.01991641742
5,1,86,0.13821376408,0.0193415528
5,1,90,0.13245569538,0.0224272602
5,2,81,0.13566555182,0.01924897528
5,1,91,0.14066480082,0.02293675448
5,1,93,0.12873445591,0.01897834528
5,1,94,0.1347700556,0.0235715617
5,1,96,0.14120741139,0.01968874754
5,1,92,0.13639784216,0.0193543794
5,1,97,0.13812360797,0.02064205282
5,1,99,0.13874466381,0.02076856934
5,1,95,0.14180446497,0.01568654944
5,1,98,0.13280512368,0.02089003064
5,2,82,0.13824588564,0.0203744323
5,2,83,0.13701250595,0.01570059928
5,1,100,0.14122789036,0.01543573894
5,2,84,0.13805061048,0.01708214864
5,2,89,0.13830075054,0.01767522192
5,2,87,0.13330706706,0.02341703306
5,2,88,0.13821339667,0.02241841184
5,2,85,0.13060554737,0.02078216538
5,2,86,0.13830803147,0.01911041394
5,2,90,0.13243906677,0.02152335152
5,3,81,0.13544247623,0.01247386636
5,2,93,0.1285037437,0.01707706074
5,2,94,0.13522195603,0.02065047628
5,2,91,0.14067743664,0.01990130852
5,2,96,0.14156691912,0.01649988754
5,2,99,0.13895553583,0.0177149323
5,2,98,0.13261557836,0.01564159586
5,2,97,0.13872279921,0.01890830154
5,2,92,0.13610031197,0.0151647992
5,2,95,0.14199994629,0.01443913168
5,2,100,0.14130039361,0.01302858204
5,3,82,0.13859643083,0.01471390306
5,3,83,0.13698520652,0.01189262732
5,3,89,0.13863076475,0.01375904196
5,3,87,0.13393068314,0.01910348228
5,3,88,0.1389132085,0.0149356402
5,3,84,0.13837902592,0.00987650582
5,3,86,0.13797309732,0.01036419592
5,3,85,0.13068368377,0.00935320654
5,3,90,0.13285337752,0.01418690208
5,3,93,0.12875941056,0.01073427888
5,3,94,0.13477263188,0.01283349706
5,3,96,0.14107623377,0.0105575502
5,3,99,0.13900583086,0.0130331366
5,3,91,0.13995561826,0.01165154258
5,3,98,0.13308901908,0.01057421426
5,3,97,0.13885116251,0.01129367254
5,3,92,0.1358611016,0.01244908606
5,3,95,0.14216226284,0.01170989704
5,3,100,0.141423237,0.00906485498
