"setting","version","epoch","time"
1,1,2,0.81
1,1,7,0.950000000000001
1,1,11,1.31
1,1,12,1.16
1,1,19,1.36
1,1,15,1.31
1,1,9,1.14
1,1,16,1.33
1,1,14,1.39
1,1,1,1.26
1,1,8,1.32
1,1,20,1.46
1,1,13,1.34
1,1,4,1.25
1,1,6,1.28
1,1,5,1.41
1,1,10,1.29
1,1,3,1.33
1,1,18,1.34
1,1,17,1.41
1,2,2,0.94
1,2,7,0.880000000000001
1,2,12,0.98
1,2,14,1
1,2,19,1.11
1,2,11,1.27
1,2,15,1.17
1,2,9,1.21
1,2,1,1.17
1,2,16,1.2
1,2,20,1.14
1,2,13,1.2
1,2,10,1.11
1,2,6,1.18
1,2,4,1.18
1,2,8,1.26
1,3,7,0.84
1,2,3,1.2
1,2,5,1.22
1,2,18,1.14
1,3,2,1.14
1,2,17,1.11
1,3,12,0.659999999999998
1,3,14,0.709999999999999
1,3,19,0.720000000000001
1,3,15,0.809999999999999
1,3,10,0.779999999999999
1,3,9,0.950000000000001
1,3,11,1.03
1,3,20,0.93
1,3,1,0.970000000000001
1,3,6,0.890000000000001
1,3,17,0.779999999999999
1,3,8,0.9
1,3,5,0.859999999999999
1,3,13,1.01
1,3,18,0.859999999999999
1,3,16,1.09
1,3,3,0.99
2,1,7,650.39
2,1,5,651.56
2,1,9,653.88
2,1,2,655.95
2,1,13,658.92
2,1,1,658.09
2,1,12,665.91
2,1,4,667.32
2,1,8,669.1
2,1,19,670.69
2,1,3,672.71
2,1,6,674
2,1,10,677.03
2,1,11,682.61
2,1,14,684.39
2,1,16,689.33
2,1,15,692.74
2,1,18,697.45
2,1,17,706.45
2,1,20,714.6
2,2,7,512.35
2,2,5,529.03
2,2,1,523.71
2,2,13,525.79
2,2,6,527.17
2,2,2,547.43
2,2,4,537.44
2,2,12,542
2,2,9,552.83
2,2,10,541.56
2,2,8,551.26
2,2,19,554.81
2,2,3,553.06
2,2,14,552.86
2,2,11,566.32
2,2,16,561.5
2,2,15,561.51
2,2,17,554.46
2,2,18,580.94
2,2,20,587.95
2,3,7,327.93
2,3,1,322.1
2,3,13,330.02
2,3,5,343.28
2,3,9,330.25
2,3,4,336.05
2,3,10,328.64
2,3,6,349.82
2,3,3,339.43
2,3,2,364.27
2,3,12,372.76
2,3,14,345.34
2,3,8,363.56
2,3,15,332.2
2,3,19,365.78
2,3,16,357
2,3,17,356.25
2,3,11,377.82
2,3,18,374.22
2,3,20,371.36
3,1,7,367.95
3,1,1,357.04
3,1,5,355.67
3,1,13,379.82
3,1,9,366.62
3,1,4,378.97
3,1,10,373.31
3,1,6,372.92
3,1,2,371.06
3,1,14,366.89
3,1,12,374.47
3,1,3,389.89
3,1,8,385.12
3,1,15,385.62
3,1,19,384.59
3,1,17,370.28
3,1,11,368.1
3,1,16,393.15
3,1,18,382.01
3,1,20,390.78
3,2,1,570.75
3,2,7,588.99
3,2,5,582.64
3,2,9,581.98
3,2,13,590.7
3,2,6,584.61
3,2,4,595.55
3,2,14,574.42
3,2,2,589.25
3,2,10,605.89
3,2,12,586.07
3,2,17,587.07
3,2,11,581.81
3,2,3,622.09
3,2,8,610.72
3,2,19,605.58
3,2,15,619.48
3,2,16,625.58
3,2,18,604.77
3,2,20,631.13
3,3,1,1094.01
3,3,7,1113.43
3,3,5,1115.77
3,3,9,1133.92
3,3,13,1157.06
3,3,14,1126
3,3,2,1139.5
3,3,6,1158.34
3,3,4,1157.14
3,3,12,1149
3,3,10,1155.66
3,3,11,1115.98
3,3,17,1148.35
3,3,19,1144
3,3,3,1166.36
3,3,8,1167.89
3,3,15,1200.57
3,3,18,1161.57
3,3,16,1198.89
3,3,20,1220.09
4,1,1,1404.91
4,1,7,1418.95
4,1,5,1420.44
4,1,9,1473.72
4,1,14,1458.95
4,1,13,1475.78
4,1,11,1452.88
4,1,4,1477.4
4,1,12,1469.36
4,1,6,1496.87
4,1,2,1504.84
4,1,17,1470.1
4,1,19,1471.12
4,1,10,1546.35
4,1,18,1486
4,1,8,1534.41
4,1,3,1535.38
4,1,15,1543.16
4,1,16,1537.75
4,1,20,1585.48
5,1,1,1544.5
5,1,7,1560.62
5,1,5,1557.28
5,1,14,1593.23
5,1,9,1601.72
5,1,11,1584.55
5,1,13,1609.24
5,1,12,1603.19
5,1,4,1609.63
5,1,17,1603.78
5,1,19,1601.97
5,1,6,1637.05
5,1,2,1635.59
5,1,18,1612.96
5,1,10,1681.04
5,1,3,1666.42
5,1,8,1670.55
5,1,15,1674.95
5,1,16,1667.75
5,1,20,1714.45
5,2,1,1592.09
5,2,7,1607.72
5,2,5,1608.27
5,2,14,1645.48
5,2,9,1655.83
5,2,11,1636.35
5,2,13,1668.9
5,2,12,1662.05
5,2,4,1663.86
5,2,17,1652.38
5,2,19,1653.84
5,2,6,1686.97
5,2,2,1697.24
5,2,18,1669.59
5,2,10,1741.07
5,2,3,1734.37
5,2,8,1728.95
5,2,15,1739.15
5,2,16,1727.21
5,2,20,1785.8
5,3,1,1855.31
1,1,21,1.93999999999869
1,2,21,1.42999999999847
1,3,21,1.05999999999949
5,3,7,1880.67
1,1,22,1.47000000000116
1,2,22,1.14000000000124
1,3,22,1.30000000000109
5,3,5,1867.3
1,1,23,1.27999999999884
1,2,23,1.46999999999935
1,3,23,0.969999999999345
5,3,14,1918.13
1,1,24,1.33999999999833
1,2,24,1.53999999999905
1,3,24,1.02999999999884
5,3,11,1913.87
1,1,25,1.85000000000036
1,2,25,1.17000000000007
1,3,25,1.38999999999942
5,3,9,1937.08
1,1,26,1.8799999999992
1,2,26,1.27000000000044
1,3,26,1.19999999999891
5,3,13,1946.02
1,1,27,1.72999999999956
1,2,27,1.19000000000051
1,3,27,0.790000000000873
5,3,12,1940.34
1,1,28,1.38000000000102
5,3,4,1940.64
1,2,28,1.26000000000022
1,3,28,1.25
1,1,29,1.44000000000051
1,2,29,1.11000000000058
1,3,29,0.979999999999563
5,3,19,1925.13
1,1,30,1.51999999999862
5,3,17,1936.45
1,2,30,1.60999999999876
1,3,30,0.969999999999345
1,1,31,1.54000000000087
1,2,31,1.48000000000138
1,3,31,1.17000000000007
5,3,6,1971.29
1,1,32,1.39000000000124
1,2,32,1.22000000000116
1,3,32,1.19000000000051
5,3,2,1981.97
1,1,33,1.40999999999985
1,2,33,1.34000000000015
1,3,33,1.15000000000146
5,3,18,1952.38
1,1,34,1.60000000000036
1,2,34,1.3799999999992
1,3,34,1.19999999999891
5,3,8,2010.5
1,1,35,1.38999999999942
1,2,35,1.40000000000146
1,3,35,1.19999999999891
5,3,10,2040.6
1,1,36,1.40000000000146
5,3,3,2024.05
1,2,36,1.19000000000051
1,1,37,1.38999999999942
1,3,36,1.30999999999949
1,2,37,1.21999999999935
1,3,37,1.35000000000036
2,1,21,677.24
5,3,16,2028.98
5,3,15,2044.06
1,1,38,1.48999999999978
1,1,39,1.52999999999884
1,2,38,1.25
1,3,38,1.09999999999854
1,2,39,1.43999999999869
1,3,39,1.56999999999971
2,1,22,667.25
2,1,23,696.790000000001
5,3,20,2096.61
1,1,40,1.71999999999935
1,2,40,1.89000000000124
1,3,40,1.09000000000015
2,1,24,687.65
2,1,25,705.360000000001
2,1,26,696.890000000001
2,1,27,685.889999999999
2,1,29,673.050000000001
2,1,30,667.029999999999
2,1,28,701.25
2,1,31,695.83
2,1,32,665.560000000001
2,1,33,685.879999999999
2,1,34,703.17
2,2,21,529.42
2,1,36,656.209999999999
2,1,37,676.5
2,1,35,700.570000000002
2,2,22,544.039999999999
2,2,23,560.539999999999
2,1,39,698.199999999999
2,1,38,714.67
2,2,24,546.73
2,2,25,541.969999999999
2,2,26,549.379999999999
2,2,27,511.450000000001
2,2,29,508.779999999999
2,1,40,708.310000000001
2,2,30,539.370000000001
2,2,28,541.540000000001
2,2,31,551.57
2,3,21,342.790000000001
2,2,32,515.25
2,2,33,501.550000000001
2,3,22,341.01
2,2,34,561.120000000001
2,3,23,345.160000000002
2,2,36,507.769999999999
2,2,37,523.98
2,2,35,575.92
2,3,24,343.84
2,2,39,547.390000000001
2,3,29,306.129999999999
2,2,38,562.359999999999
2,3,25,353.59
2,3,26,345.359999999999
2,3,27,341.68
2,3,30,350.75
2,3,28,352.030000000001
2,3,32,329.799999999999
2,3,31,357.41
3,1,21,370.580000000002
2,3,33,333.33
2,2,40,526.379999999999
3,1,22,392.76
2,3,34,361.210000000001
3,1,23,371.309999999999
2,3,36,322.870000000001
2,3,37,332.949999999999
2,3,35,368.779999999999
2,3,39,343.969999999999
3,1,24,356.08
3,1,29,365.690000000001
2,3,38,354.059999999999
3,1,26,377.219999999999
3,1,25,377.589999999998
3,1,27,376.529999999999
3,1,30,370.139999999999
3,1,28,383.27
3,1,32,371.190000000001
3,1,31,375.860000000001
3,1,33,367.42
2,3,40,363.67
3,1,34,368.860000000001
3,1,36,359
3,1,37,362.25
3,2,21,597.640000000001
3,1,35,383.769999999999
3,1,39,382.639999999999
3,2,22,624.869999999999
3,2,23,607.77
3,1,38,388.459999999999
3,2,24,564.58
3,2,29,583.619999999999
3,1,40,373.379999999999
3,2,25,595.41
3,2,27,593.57
3,2,26,622.689999999999
3,2,30,583.309999999999
3,2,28,598.07
3,2,32,601.25
3,2,31,620.880000000001
3,2,33,607.049999999999
3,2,34,578.32
3,2,36,565.17
3,2,37,587.469999999999
3,2,35,617.35
3,2,39,614.74
3,2,38,601.08
3,2,40,595.970000000001
3,3,21,1127.77
3,3,23,1147.09
3,3,22,1194.1
3,3,24,1065.22
3,3,29,1106.61
3,3,25,1109.36
3,3,27,1131.61
3,3,30,1114.99
3,3,26,1151.64
3,3,28,1116.22
3,3,32,1127.06
3,3,33,1125.35
3,3,31,1156.18
3,3,34,1081.69
3,3,36,1083.99
3,3,37,1092.37
3,3,35,1146.02
3,3,39,1148.11
3,3,38,1161.94
3,3,40,1104.92
4,1,21,1433.65
4,1,24,1359.45
4,1,23,1471.84
4,1,22,1537.93
4,1,29,1428.12
4,1,25,1415.62
4,1,30,1432.59
4,1,27,1459.9
4,1,28,1453.69
4,1,32,1448
4,1,26,1495.35
4,1,34,1402.56
4,1,33,1459.42
4,1,36,1379.26
4,1,31,1504.84
4,1,37,1405.42
4,1,35,1525.9
4,1,39,1493.43
4,1,38,1516.6
4,1,40,1454.64
5,1,21,1579.72
5,1,24,1509.09
5,1,23,1616.5
5,1,29,1578.22
5,1,25,1568.39
5,1,22,1694.35
5,1,30,1575.62
5,1,27,1614.24
5,1,36,1527.38
5,1,28,1597.27
5,1,34,1541.85
5,1,32,1593.78
5,1,26,1646.75
5,1,33,1608.83
5,1,37,1557.75
5,1,31,1664.46
5,1,39,1642
5,1,35,1676.19
5,1,38,1673.24
5,1,40,1606.96
5,2,21,1651.09
5,2,24,1588.43
5,2,23,1698.03
5,2,29,1657.56
5,2,25,1651.61
5,2,30,1650.65
5,2,36,1604.6
5,2,34,1633
5,2,27,1694.39
5,2,22,1778.07
5,2,28,1688.58
5,2,32,1676.56
5,2,37,1629.01
5,2,33,1696.05
5,2,26,1720.37
5,2,31,1756.31
5,2,39,1726.65
5,2,35,1763.98
5,2,40,1682.98
5,2,38,1751.3
5,3,24,1846.22
1,1,41,1.36000000000058
1,2,41,1.43999999999869
1,3,41,1.20000000000073
5,3,21,1922.18
1,1,42,1.47000000000116
1,2,42,1.07999999999811
1,3,42,1.06999999999971
5,3,23,1980.11
5,3,29,1928.95
1,1,43,1.59000000000015
1,1,44,1.27000000000044
1,2,43,1.25
1,3,43,1.25
1,2,44,1.77000000000044
1,3,44,1.18000000000029
5,3,25,1920.19
1,1,45,1.88999999999942
1,2,45,1.13999999999942
1,3,45,1.25
5,3,36,1875.47
1,1,46,1.32999999999811
1,2,46,1.34000000000015
1,3,46,1.37000000000262
5,3,30,1924.83
1,1,47,1.47999999999956
1,2,47,1.45999999999913
1,3,47,1.12999999999738
5,3,34,1907.25
1,1,48,1.38999999999942
1,2,48,1.65999999999985
1,3,48,1.02999999999884
5,3,27,1983.36
1,1,49,1.45000000000073
5,3,37,1893.44
1,2,49,1.75
1,3,49,1.17000000000189
1,1,50,1.59000000000015
1,2,50,1.19000000000233
5,3,32,1957.55
1,3,50,0.979999999999563
1,1,51,2.02999999999884
1,2,51,1.63999999999942
1,3,51,1.18000000000029
5,3,28,1966.22
1,1,52,1.09000000000015
1,2,52,1.38999999999942
1,3,52,1.04000000000087
5,3,22,2082.83
5,3,33,1979.48
1,1,53,1.65000000000146
1,1,54,1.43999999999869
1,2,54,1.06999999999971
1,2,53,1.71999999999753
1,3,54,1.17000000000189
1,3,53,1.06000000000131
5,3,26,2014.45
1,1,55,1.27000000000044
1,2,55,0.779999999998836
1,3,55,1.22000000000116
2,1,42,649.200000000001
2,1,41,676.280000000002
5,3,31,2056.2
1,1,56,1.72999999999956
1,2,56,1.22999999999956
1,3,56,1.06000000000131
2,1,44,682.720000000001
2,1,43,685.720000000001
2,1,45,695.73
5,3,39,2044.3
1,1,57,1.44000000000233
1,2,57,1.2699999999968
1,3,57,1.09000000000015
5,3,40,1972.87
1,1,58,1.5
1,2,58,1.41999999999825
1,3,58,1.08000000000175
2,1,46,678
2,1,47,688.07
5,3,35,2066.92
1,1,59,1.53000000000247
1,2,59,1.45000000000073
1,3,59,1.43000000000029
2,1,48,668.779999999999
5,3,38,2077.89
1,1,60,1.65999999999985
1,2,60,1.22000000000116
1,3,60,1.41999999999825
2,1,51,671.530000000002
2,1,50,679.290000000001
2,1,49,697.330000000002
2,1,52,688.239999999998
2,2,41,528.16
2,2,42,541.419999999998
2,1,53,669.350000000002
2,1,54,721.799999999999
2,1,55,708.77
2,1,56,706.380000000001
2,2,43,545.670000000002
2,2,44,556.119999999999
2,2,45,553.09
2,2,46,538.82
2,3,42,329.900000000001
2,3,41,344.23
2,2,47,565.760000000002
2,2,48,537.75
2,1,57,686.189999999999
2,1,58,691.890000000003
2,2,51,512.849999999999
2,2,50,529.73
2,2,52,538.98
2,2,49,578.18
2,1,59,713.869999999999
2,2,53,536.82
2,1,60,715.09
2,2,54,571.349999999999
2,2,55,545.200000000001
2,3,43,317.07
2,3,44,355.789999999997
2,3,45,347.870000000003
2,3,46,333.66
3,1,42,352.370000000003
2,3,47,335.610000000001
2,2,56,549.389999999999
2,3,48,327.299999999999
3,1,41,375
2,3,51,331.810000000001
2,3,50,332.139999999999
2,3,52,348.459999999999
2,3,53,326.07
2,3,49,389.190000000002
2,2,57,536.599999999999
2,2,58,545.41
2,3,54,358.259999999998
2,3,55,353.890000000003
3,1,43,354.810000000001
2,2,59,567.150000000001
3,1,44,384.880000000001
2,2,60,550.32
3,1,45,368.190000000002
3,1,46,372.84
2,3,56,346.77
3,1,48,361.519999999997
3,1,47,392.690000000002
3,1,51,362.110000000001
3,1,50,378.57
3,1,52,384.98
3,1,53,368.549999999999
3,2,42,580.130000000001
2,3,58,306.139999999999
2,3,57,343.140000000003
3,2,41,590.209999999999
3,1,49,391.889999999999
3,1,55,369.799999999999
3,1,54,379.27
2,3,59,344.849999999999
2,3,60,334.709999999999
3,1,56,367.150000000001
3,2,43,595.030000000002
3,2,44,601.43
3,2,45,595.59
3,2,46,614.880000000001
3,2,48,585.73
3,1,58,366.029999999999
3,1,57,375.82
3,2,47,627.920000000002
3,2,51,590.77
3,2,50,610.639999999999
3,1,59,358.360000000001
3,2,53,581.93
3,2,52,617.970000000001
3,1,60,384.610000000001
3,2,49,637.010000000002
3,2,55,594.91
3,2,54,618.630000000001
3,2,56,593.959999999999
3,3,42,1100.16
3,2,58,575.91
3,3,41,1122.46
3,2,57,592.190000000002
3,2,59,575.529999999999
3,2,60,619.48
3,3,43,1101.47
3,3,45,1127.8
3,3,44,1139.28
3,3,48,1109.61
3,3,46,1140.97
3,3,51,1099.16
3,3,47,1176.26
3,3,50,1149.57
3,3,53,1117.4
3,3,52,1147.69
3,3,55,1157.27
3,3,49,1195.64
3,3,54,1154.58
3,3,56,1130.78
3,3,58,1067.72
3,3,57,1097.05
3,3,59,1079.55
4,1,42,1440.93
3,3,60,1156.08
4,1,41,1465.55
4,1,43,1432.84
4,1,45,1460.79
4,1,48,1449.67
4,1,44,1499.89
4,1,46,1474.64
4,1,51,1408.82
4,1,50,1476.52
4,1,53,1452.85
4,1,47,1540.25
4,1,52,1509.36
4,1,55,1493.04
4,1,54,1485
4,1,49,1556.75
4,1,56,1462.79
4,1,58,1412.66
4,1,57,1455.43
4,1,59,1421.89
5,1,42,1579.73
4,1,60,1541.33
5,1,41,1608.11
5,1,43,1569.24
5,1,45,1613.41
5,1,48,1597.65
5,1,51,1557.09
5,1,46,1616.75
5,1,44,1647.86
5,1,53,1594.69
5,1,50,1623.7
5,1,47,1695.12
5,1,52,1665.69
5,1,55,1648.9
5,1,54,1643.57
5,1,56,1616.13
5,1,49,1715.89
5,1,58,1551.14
5,1,57,1605.83
5,1,59,1577.97
5,2,42,1656.08
5,1,60,1709.99
5,2,41,1686.47
5,2,43,1663.8
5,2,51,1633.36
5,2,48,1668.61
5,2,45,1695.83
5,2,46,1704.66
5,2,44,1732.64
5,2,53,1680.8
5,2,50,1716.42
5,2,47,1789.57
5,2,52,1748.83
5,2,54,1724.25
5,2,55,1741.92000000001
5,2,56,1693.71
5,2,58,1636.82999999999
5,2,49,1804.51
5,2,59,1647.52
5,2,57,1688.67000000001
5,2,60,1801.42
5,3,42,1917.71
1,1,61,1.47000000000116
1,2,61,1.33999999999651
1,3,61,1.22000000000116
5,3,41,1970.65
1,1,62,1.25
1,2,62,1.15999999999622
1,3,62,1.16999999999825
5,3,43,1923.16
1,1,63,1.59000000000378
1,2,63,1.22000000000116
1,3,63,1.05999999999767
5,3,51,1912.7
1,1,64,1.58999999999651
1,2,64,1.18000000000029
1,3,64,1.05999999999767
5,3,48,1962.66
1,1,65,1.37000000000262
1,2,65,1.56999999999971
1,3,65,1.2699999999968
5,3,45,1986.02
1,1,66,1.34000000000378
1,2,66,1.30000000000291
1,3,66,1.31999999999971
5,3,46,1985.48
1,1,67,1.72000000000116
1,2,67,1.45999999999913
1,3,67,1.11000000000058
2,1,61,663.349999999999
5,3,44,2026.58
1,1,68,1.48999999999796
1,2,68,1.62999999999738
1,3,68,1.15999999999622
5,3,53,1962.93
1,1,69,1.96999999999389
1,2,69,1.5
1,3,69,1.22000000000116
5,3,50,2001.07
1,1,70,1.45000000000437
1,2,70,1.5
1,3,70,1.06999999999971
2,1,62,659.190000000002
5,3,52,2059.92
1,1,71,1.36000000000058
1,2,71,1.55999999999767
1,3,71,1.15000000000146
5,3,58,1913.68
1,1,72,1.64000000000669
1,2,72,1.34000000000378
1,3,72,1.07999999999447
5,3,47,2099.91
1,1,73,1.06999999999971
1,2,73,1.31999999999971
1,3,73,1.38999999999942
5,3,54,2021.79
1,1,74,1.34999999999854
1,2,74,1.2300000000032
1,3,74,1.02999999999884
2,1,63,681.889999999999
5,3,55,2043.22
1,1,75,1.45000000000437
1,2,75,1.20999999999913
5,3,56,1991.49
1,3,75,1.16999999999825
1,1,76,1.15999999999622
1,2,76,1.05999999999767
1,3,76,1.15999999999622
5,3,59,1933.44
1,1,77,1.5
1,2,77,1.41999999999825
1,3,77,1.29999999999563
2,1,64,707.309999999998
5,3,57,1982.63
1,1,78,1.36000000000058
1,2,78,1.55999999999767
1,3,78,1.31000000000495
2,1,65,675.639999999999
2,2,61,536.640000000007
2,1,66,680.459999999999
5,3,49,2121.64
1,1,79,1.58000000000175
1,2,79,1.72000000000116
1,3,79,1.29999999999563
2,1,67,689.419999999998
2,1,68,687
2,2,62,524.360000000001
2,1,69,697.07
2,1,70,643.849999999999
2,2,63,555.68
2,3,61,342.560000000005
2,1,71,691.170000000006
2,1,73,672.110000000001
2,1,72,689.5
2,1,74,687.139999999999
2,1,75,697.950000000004
2,1,76,716.639999999999
2,2,65,519.120000000003
2,2,64,565.549999999996
2,3,62,345.800000000003
5,3,60,2141.84
1,1,80,1.44000000000233
1,2,80,1.17000000000553
1,3,80,1.12000000000262
2,2,66,542.889999999999
2,1,77,694.150000000001
2,1,78,682.060000000005
2,2,67,538.940000000002
2,1,79,680.919999999998
2,2,68,550.619999999995
2,2,69,530.019999999997
2,2,70,537.080000000002
2,3,63,334.150000000001
3,1,61,354.32
2,3,65,320.440000000002
2,3,64,360.360000000001
2,2,71,531.940000000002
2,2,73,532.360000000001
3,1,62,372.050000000003
2,3,66,352.32
2,2,72,548.719999999994
2,2,74,530.32
2,3,67,337.260000000002
2,2,75,544.43
2,2,76,561.200000000004
2,3,69,344.529999999999
2,3,68,359.540000000001
2,2,77,540.669999999998
2,3,70,355.290000000001
2,2,78,518.940000000002
3,1,63,368.220000000001
2,2,79,517.910000000003
2,1,80,700.099999999999
3,1,65,375.919999999998
2,3,71,330.029999999999
3,1,64,369.909999999996
2,3,73,342.519999999997
3,2,61,573.080000000002
2,3,72,348.769999999997
2,3,74,351.889999999999
3,1,66,376.229999999996
2,3,75,355.599999999999
3,1,67,365.639999999999
2,3,76,368.549999999996
3,1,69,381.310000000005
2,3,77,348.840000000004
3,1,68,378.269999999997
3,2,62,585.459999999999
2,3,78,340.709999999999
3,1,70,376.389999999999
2,3,79,320.889999999999
3,1,71,375.690000000002
3,1,73,354.480000000003
3,2,63,600.529999999999
2,2,80,555.169999999998
3,1,72,371.190000000002
3,1,74,394.670000000006
3,1,75,374.799999999996
3,1,76,379.239999999998
3,2,65,614.790000000001
3,2,64,590.470000000001
3,1,77,370.010000000002
3,1,78,362.239999999998
3,2,66,598.459999999999
3,1,79,372.090000000004
3,2,67,584.200000000004
3,2,69,595.029999999999
3,2,68,603.889999999999
3,2,70,591.699999999997
2,3,80,328.379999999997
3,3,61,1069.6
3,2,73,562.860000000001
3,2,71,595.950000000004
3,2,72,604.019999999997
3,2,75,596.790000000001
3,2,74,646.840000000004
3,2,76,610.709999999999
3,3,62,1104.24
3,2,77,598.310000000005
3,2,78,582.510000000002
3,1,80,361.919999999998
3,2,79,592.419999999998
3,3,63,1125.55
3,3,64,1094.19
3,3,65,1123.36
3,3,66,1103.94
3,3,67,1114.97
3,3,69,1119.14
3,3,68,1115.14
3,3,70,1094.84
3,2,80,574.470000000001
3,3,73,1068.72
3,3,71,1133.75
3,3,72,1103.19
3,3,75,1113.16
3,3,74,1161.51
3,3,76,1140.84
4,1,61,1403.59
3,3,77,1117.4
3,3,78,1111.25
3,3,79,1078.44
4,1,62,1439.56
4,1,63,1447.04
3,3,80,1077.84
4,1,64,1410.25
4,1,65,1462.3
4,1,66,1428.69
4,1,67,1431.95
4,1,70,1415.81
4,1,68,1448.74
4,1,69,1464.91
4,1,73,1356.11
4,1,71,1483.32999999999
4,1,72,1472.48
4,1,75,1483.75
4,1,78,1431.06
4,1,79,1409.57
4,1,77,1473.91
4,1,74,1544.88
4,1,76,1510.11
5,1,61,1534.73
5,1,62,1572.6
5,1,63,1589.25
4,1,80,1424.64000000001
5,1,64,1556.28
5,1,66,1580.27
5,1,65,1605.78
5,1,67,1569.91
5,1,70,1575.03
5,1,68,1595.64
5,1,73,1499.77
5,1,69,1609.53
5,1,71,1632.55
5,1,72,1612.89
5,1,79,1552.54
5,1,75,1644.26
5,1,78,1581.17
5,1,77,1616.84
5,2,61,1603.48
5,1,76,1674.37
5,1,74,1707.91
5,2,62,1667.96999999999
5,1,80,1607.14
5,2,63,1695.53
5,2,64,1664.94
5,2,66,1683.11
5,2,65,1716.06
5,2,67,1694.44
5,2,70,1681.11
5,2,73,1623.07
5,2,68,1716.29
5,2,69,1737.84
5,2,72,1753.81
5,2,71,1769.45
5,2,79,1690.55
5,2,78,1716.36
5,2,75,1783.26
5,2,77,1759.14
5,2,76,1810.94
5,2,74,1856.99
5,3,61,1922.31
1,1,81,1.45999999999913
1,2,81,1.32999999999447
1,3,81,1.12000000000262
5,3,62,1947.56
1,1,82,1.75
1,2,82,1.62999999999738
1,3,82,1.02999999999884
5,2,80,1688.71
5,3,63,1976.09
1,1,83,1.87000000000262
1,2,83,1.20999999999913
2,1,81,635.479999999996
1,3,83,1.36000000000058
5,3,64,1938.6
1,1,84,1.31999999999971
1,2,84,1.21999999999389
1,3,84,1.22000000000116
5,3,66,1950.11
1,1,85,1.47000000000116
1,2,85,1.44999999999709
1,3,85,1.54000000000087
5,3,65,1997.47
1,1,86,1.11000000000058
5,3,67,1976.9
1,2,86,1.23999999999796
1,3,86,1.48999999999796
1,1,87,1.45999999999913
1,2,87,1.27999999999884
1,3,87,1.40999999999622
5,3,73,1876.4
1,1,88,1.36000000000058
1,2,88,1.27999999999884
1,3,88,1.09999999999854
5,3,70,1944.09
1,1,89,1.40999999999622
1,2,89,1.30999999999767
1,3,89,1.15999999999622
2,1,82,632.239999999998
5,3,68,1979.91
1,1,90,1.7300000000032
1,2,90,1.32999999999447
1,3,90,1.0199999999968
5,3,69,2004.08
1,1,91,1.36000000000058
1,2,91,1.5
1,3,91,1.12999999999738
2,2,81,497.590000000004
2,1,83,673.540000000001
2,1,84,681.269999999997
5,3,79,1934.37
1,1,92,1.59999999999854
1,2,92,1.38999999999942
1,3,92,1.43000000000029
5,3,72,2007.5
1,1,93,1.34000000000378
1,2,93,1.40999999999622
1,3,93,1.05999999999767
5,3,71,2035.78
1,1,94,1.38999999999942
1,2,94,1.43999999999505
1,3,94,0.889999999999418
5,3,78,1981.09
1,1,95,1.44999999999709
1,2,95,1.47000000000116
1,3,95,1.16999999999825
2,1,85,679.669999999998
2,2,82,518.32
5,3,75,2036.84
1,1,96,1.77999999999884
1,2,96,1.38999999999942
1,3,96,1.55999999999767
2,1,86,673.040000000001
2,3,81,319.419999999998
2,1,87,689.540000000001
2,1,88,670.889999999999
5,3,77,2038.44
1,1,97,1.44000000000233
1,2,97,1.23999999999796
1,3,97,1.26000000000204
2,1,89,666.879999999997
5,3,76,2087.62
1,1,98,1.44000000000233
1,2,98,1.40999999999622
2,1,90,677.809999999998
1,3,98,1.31999999999971
2,1,91,698.920000000006
5,3,74,2134.25
1,1,99,1.69000000000233
1,2,99,1.48999999999796
1,3,99,1.20999999999913
2,2,83,518.470000000001
2,3,82,320.809999999998
2,2,84,517.220000000001
3,1,81,351.849999999999
2,2,85,530.25
5,3,80,1984.7
1,1,100,1.59999999999854
1,2,100,1.61000000000058
1,3,100,0.889999999999418
2,1,93,675.480000000003
2,1,92,701.699999999997
2,1,94,681.909999999996
2,2,86,546.639999999999
2,2,88,536.300000000003
2,1,95,685.279999999999
2,2,87,561.410000000003
2,2,89,547.659999999996
2,1,96,693.790000000001
2,1,97,679.650000000001
2,3,83,336.5
2,2,90,550.409999999996
2,3,84,334.470000000001
3,1,82,364.190000000002
2,2,91,547.75
2,1,98,676.340000000004
2,3,85,335
2,1,99,691.959999999999
2,3,86,347.040000000001
2,3,88,326.799999999996
2,3,87,355.209999999999
3,2,81,579.769999999997
2,3,89,380.510000000002
2,2,93,553
2,2,94,520.93
2,2,92,561.190000000002
2,2,95,522.389999999999
2,3,90,326.800000000003
3,1,83,370.559999999998
2,1,100,690.029999999999
2,3,91,337.450000000004
3,1,84,373.639999999999
2,2,96,526.43
2,2,97,544.940000000002
3,1,85,375.269999999997
2,2,98,510.739999999998
3,2,82,602.699999999997
3,1,88,356.269999999997
3,1,86,375.139999999999
3,1,87,358.690000000002
3,1,89,358.200000000004
2,3,94,333.829999999994
2,3,93,358.970000000001
2,2,99,529.330000000002
2,3,95,319.110000000001
2,3,92,362.779999999999
3,1,90,364.860000000001
2,3,96,320.830000000002
3,1,91,386.769999999997
2,3,97,341.75
2,2,100,539.669999999998
3,2,83,587.390000000007
2,3,98,326.660000000003
3,2,84,606.370000000003
2,3,99,333.849999999999
3,1,94,363.920000000006
3,1,93,363.549999999996
3,2,85,612.5
3,1,92,373.379999999997
3,1,95,392.169999999998
3,2,88,573.870000000003
3,3,81,1085.56
3,2,86,584.810000000005
3,2,87,576.620000000003
3,1,96,368.279999999999
3,2,89,576.849999999999
3,1,97,369.379999999997
2,3,100,337.639999999999
3,2,90,588.75
3,1,98,367.190000000002
3,2,91,629.949999999997
3,1,99,353.139999999999
3,3,82,1104.53
3,2,94,587.439999999995
3,2,93,594.809999999998
3,1,100,362.050000000003
3,2,92,621.109999999993
3,2,95,619.209999999999
3,2,96,574.479999999996
3,2,97,582.159999999996
3,3,83,1098.2
3,2,98,572.959999999999
3,3,84,1154.99
3,2,99,559.080000000002
3,3,85,1131.84
3,3,88,1110.96
3,3,86,1095.94
3,3,87,1080.48
3,3,89,1094.63
3,2,100,578.360000000001
3,3,90,1105.89
4,1,81,1395.35
3,3,91,1158.93
3,3,94,1090.64000000001
3,3,93,1116.69
3,3,92,1136.66
3,3,95,1141.38
3,3,96,1094.82999999999
4,1,82,1482.72
3,3,97,1120.31
3,3,98,1090.3
3,3,99,1048.51
4,1,83,1432.95
3,3,100,1096.42
4,1,84,1499.41
4,1,88,1457.83
4,1,85,1501.04
4,1,87,1452.49
4,1,86,1479
4,1,89,1414.39
4,1,90,1461.67
5,1,81,1570.73
4,1,91,1562.45
4,1,94,1477.59
4,1,93,1447.2
4,1,96,1464.85
4,1,92,1519.43
4,1,95,1547.55
4,1,97,1478.34
4,1,98,1451.47
4,1,99,1399.47
5,1,82,1648.14
5,1,83,1584.8
4,1,100,1454.89
5,1,84,1637
5,1,88,1598.19
5,1,87,1591.94
5,1,89,1560.29
5,1,85,1640.74
5,1,86,1626.97
5,1,90,1602.64
5,2,81,1639.8
5,1,91,1705.86
5,1,93,1591.17
5,1,94,1618.98
5,1,96,1608.64
5,1,92,1665.67
5,1,97,1618.38
5,1,99,1545.19
5,1,95,1694.64
5,1,98,1590.92
5,2,82,1723.13
5,2,83,1658.7
5,1,100,1594.11
5,2,84,1717.88
5,2,89,1620.32999999999
5,2,87,1662.74
5,2,88,1668.75
5,2,85,1712.81
5,2,86,1706.07
5,2,90,1678.29
5,3,81,1886.6
5,2,93,1657.18
5,2,94,1686.2
5,2,91,1784.62
5,2,96,1668.66
5,2,99,1611.8
5,2,98,1649.92
5,2,97,1680.29
5,2,92,1736.45
5,2,95,1754
5,2,100,1645
5,3,82,1942.5
5,3,83,1885.78
5,3,89,1828.5
5,3,87,1862.99
5,3,88,1882.82
5,3,84,1940.32999999999
5,3,86,1892.89
5,3,85,1907.5
5,3,90,1859.92
5,3,93,1728.56
5,3,94,1717.21
5,3,96,1675.56
5,3,99,1600.67
5,3,91,1795.04
5,3,98,1615.77
5,3,97,1628.14
5,3,92,1662.2
5,3,95,1640.81
5,3,100,1411.45
